<?xml version="1.0"?>
<employees>
	<employeedetails empcode="111">
		<empname>
			<firstname> Seema </firstname>
			<lastname> Dalvi </lastname>
		</empname>
		<doj> 09/08/97 </doj>
		<experience> 12 </experience>
		<Department>
			<unit> 3d</unit>
			<loc> Mumbai </loc>
		</Department>
		<designation> 4 </designation>
		<salary> 2100 </salary>
		<grade> b </grade>
	</employeedetails>
	
	<employeedetails empcode="222">
		<empname>
			<firstname> Bharti </firstname>
			<lastname> Mantri </lastname>
		</empname>
		<doj> 12/01/99 </doj>
		<experience> 5 </experience>
		<Department>
			<unit> 4a </unit>
			<loc> Pune </loc>
		</Department>
		<designation> 2 </designation>
		<salary> 1200 </salary>
		<grade> a </grade>
	</employeedetails>
</employees>