<?xml version="1.0"?>

<EmployeeDetails>
    <Employee empno="7386">
		<Ename>SMITH</Ename>
		<Job>CLERK</Job>
		<Mgr>7902</Mgr>
		<Hiredate>17-DEC-80</Hiredate>
		<Sal>1100</Sal>
		<Comm>200</Comm>
		<Deptno>20</Deptno>
	</Employee>
	
	<Employee empno="7499">
		<Ename>ALLEN</Ename>
		<Job>SALESMAN</Job>
		<Mgr>7698</Mgr>
		<Hiredate>20-FEB-81</Hiredate>
		<Sal>1600</Sal>
		<Comm>24820</Comm>
		<Deptno>30</Deptno>
	</Employee>
	
	<Employee empno="7521">
		<Ename>WARD</Ename>
		<Job>SALESMAN</Job>
		<Mgr>7698</Mgr>
		<Hiredate>22-FEB-81</Hiredate>
		<Sal>1375</Sal>
		<Comm>19700</Comm>
		<Deptno>30</Deptno>
	</Employee>
	<Employee empno="7566">
		<Ename>JONES</Ename>
		<Job>MANAGER</Job>
		<Mgr>7839</Mgr>
		<Hiredate>02-APR-81</Hiredate>
		<Sal>3175</Sal>
		<Comm></Comm>
		<Deptno>20</Deptno>
	</Employee> 
	
	<Employee empno="7654">
		<Ename>MARTIN</Ename>
		<Job>SALESMAN</Job>
		<Mgr>7698</Mgr>
		<Hiredate>28-SEP-81</Hiredate>
		<Sal>1375</Sal>
		<Comm>20600</Comm>
		<Deptno>30</Deptno>
	</Employee>
  
	<Employee empno="7499">
		<Ename>BLAKE</Ename>
		<Job>MANAGER</Job>
		<Mgr>7839</Mgr>
		<Hiredate>01-MAY-81</Hiredate>
		<Sal>2850</Sal>
		<Comm></Comm>
		<Deptno>30</Deptno>
	</Employee>
  
	<Employee empno="7782">
		<Ename>CLARK</Ename>
		<Job>MANAGER</Job>
		<Mgr>7839</Mgr>
		<Hiredate>09-JUN-81</Hiredate>
		<Sal>2450</Sal>
		<Comm></Comm>
		<Deptno>10</Deptno>
	</Employee>
  
	<Employee empno="7788">
		<Ename>SCOTT</Ename>
		<Job>ANALYST</Job>
		<Mgr>7566</Mgr>
		<Hiredate>19-APR-87</Hiredate>
		<Sal>2000</Sal>
		<Comm></Comm>
		<Deptno>20</Deptno>
	</Employee>
  
	<Employee empno="7839">
		<Ename>KING</Ename>
		<Job>PRESIDENT</Job>
		<Mgr></Mgr>
		<Hiredate>17-NOV-81</Hiredate>
		<Sal>5000</Sal>
		<Comm></Comm>
		<Deptno>10</Deptno>
	</Employee>
  
	<Employee empno="7844">
		<Ename>TURNER</Ename>
		<Job>SALESMAN</Job>
		<Mgr>7698</Mgr>
		<Hiredate>08-SEP-81</Hiredate>
		<Sal>1650</Sal>
		<Comm>23000</Comm>
		<Deptno>30</Deptno>
	</Employee>
  
	<Employee empno="876">
		<Ename>ADAMS</Ename>
		<Job>CLERK</Job>
		<Mgr>7788</Mgr>
		<Hiredate>23-MAY-87</Hiredate>
		<Sal>1430</Sal>
		<Comm>200</Comm>
		<Deptno>20</Deptno>
	</Employee>
  
	<Employee empno="7900">
		<Ename>JAMES</Ename>
		<Job>CLERK</Job>
		<Mgr>7698</Mgr>
		<Hiredate>03-DEC-81</Hiredate>
		<Sal>1045</Sal>
		<Comm>200</Comm>
		<Deptno>30</Deptno>
	</Employee>
  
	<Employee empno="7902">
		<Ename>FORD</Ename>
		<Job>ANALYST</Job>
		<Mgr>7566</Mgr>
		<Hiredate>03-DEC-81</Hiredate>
		<Sal>3200</Sal>
		<Comm></Comm>
		<Deptno>20</Deptno>
	</Employee>
  
	<Employee empno="7934">
		<Ename>MILLER</Ename>
		<Job>CLERK</Job>
		<Mgr>7782</Mgr>
		<Hiredate>03-DEC-81</Hiredate>
		<Sal>1430</Sal>
		<Comm>200</Comm>
		<Deptno>10</Deptno>
	</Employee>
</EmployeeDetails>